dimension,value,securities,ready
status,BACKTEST_READY,0,0
status,PARTIALLY_READY,316,0
status,IDENTITY_UNRESOLVED,2784,0
status,NO_USABLE_PRICE_DATA,1136,0
requirement_missing,listing,4236,0
requirement_missing,ohlcv,4236,0
requirement_missing,adjustment,4236,0
requirement_missing,corporate_actions,4236,0
requirement_missing,gics,4236,0
requirement_missing,calendar_timezone,4236,0
requirement_missing,fx,3091,0
requirement_missing,pit_membership,0,0
country,AE,29,0
country_status,AE|BACKTEST_READY,0,0
country_status,AE|PARTIALLY_READY,0,0
country_status,AE|IDENTITY_UNRESOLVED,29,0
country_status,AE|NO_USABLE_PRICE_DATA,0,0
country,AT,4,0
country_status,AT|BACKTEST_READY,0,0
country_status,AT|PARTIALLY_READY,0,0
country_status,AT|IDENTITY_UNRESOLVED,4,0
country_status,AT|NO_USABLE_PRICE_DATA,0,0
country,AU,137,0
country_status,AU|BACKTEST_READY,0,0
country_status,AU|PARTIALLY_READY,0,0
country_status,AU|IDENTITY_UNRESOLVED,137,0
country_status,AU|NO_USABLE_PRICE_DATA,0,0
country,BE,8,0
country_status,BE|BACKTEST_READY,0,0
country_status,BE|PARTIALLY_READY,0,0
country_status,BE|IDENTITY_UNRESOLVED,8,0
country_status,BE|NO_USABLE_PRICE_DATA,0,0
country,BM,25,0
country_status,BM|BACKTEST_READY,0,0
country_status,BM|PARTIALLY_READY,0,0
country_status,BM|IDENTITY_UNRESOLVED,25,0
country_status,BM|NO_USABLE_PRICE_DATA,0,0
country,BR,52,0
country_status,BR|BACKTEST_READY,0,0
country_status,BR|PARTIALLY_READY,1,0
country_status,BR|IDENTITY_UNRESOLVED,43,0
country_status,BR|NO_USABLE_PRICE_DATA,8,0
country,BS,1,0
country_status,BS|BACKTEST_READY,0,0
country_status,BS|PARTIALLY_READY,0,0
country_status,BS|IDENTITY_UNRESOLVED,1,0
country_status,BS|NO_USABLE_PRICE_DATA,0,0
country,CA,160,0
country_status,CA|BACKTEST_READY,0,0
country_status,CA|PARTIALLY_READY,0,0
country_status,CA|IDENTITY_UNRESOLVED,149,0
country_status,CA|NO_USABLE_PRICE_DATA,11,0
country,CH,32,0
country_status,CH|BACKTEST_READY,0,0
country_status,CH|PARTIALLY_READY,0,0
country_status,CH|IDENTITY_UNRESOLVED,32,0
country_status,CH|NO_USABLE_PRICE_DATA,0,0
country,CL,8,0
country_status,CL|BACKTEST_READY,0,0
country_status,CL|PARTIALLY_READY,0,0
country_status,CL|IDENTITY_UNRESOLVED,6,0
country_status,CL|NO_USABLE_PRICE_DATA,2,0
country,CN,256,0
country_status,CN|BACKTEST_READY,0,0
country_status,CN|PARTIALLY_READY,0,0
country_status,CN|IDENTITY_UNRESOLVED,256,0
country_status,CN|NO_USABLE_PRICE_DATA,0,0
country,CO,1,0
country_status,CO|BACKTEST_READY,0,0
country_status,CO|PARTIALLY_READY,0,0
country_status,CO|IDENTITY_UNRESOLVED,0,0
country_status,CO|NO_USABLE_PRICE_DATA,1,0
country,CW,1,0
country_status,CW|BACKTEST_READY,0,0
country_status,CW|PARTIALLY_READY,1,0
country_status,CW|IDENTITY_UNRESOLVED,0,0
country_status,CW|NO_USABLE_PRICE_DATA,0,0
country,CY,1,0
country_status,CY|BACKTEST_READY,0,0
country_status,CY|PARTIALLY_READY,0,0
country_status,CY|IDENTITY_UNRESOLVED,1,0
country_status,CY|NO_USABLE_PRICE_DATA,0,0
country,DE,46,0
country_status,DE|BACKTEST_READY,0,0
country_status,DE|PARTIALLY_READY,0,0
country_status,DE|IDENTITY_UNRESOLVED,46,0
country_status,DE|NO_USABLE_PRICE_DATA,0,0
country,DK,22,0
country_status,DK|BACKTEST_READY,0,0
country_status,DK|PARTIALLY_READY,0,0
country_status,DK|IDENTITY_UNRESOLVED,22,0
country_status,DK|NO_USABLE_PRICE_DATA,0,0
country,EG,1,0
country_status,EG|BACKTEST_READY,0,0
country_status,EG|PARTIALLY_READY,0,0
country_status,EG|IDENTITY_UNRESOLVED,1,0
country_status,EG|NO_USABLE_PRICE_DATA,0,0
country,ES,13,0
country_status,ES|BACKTEST_READY,0,0
country_status,ES|PARTIALLY_READY,0,0
country_status,ES|IDENTITY_UNRESOLVED,13,0
country_status,ES|NO_USABLE_PRICE_DATA,0,0
country,FI,14,0
country_status,FI|BACKTEST_READY,0,0
country_status,FI|PARTIALLY_READY,0,0
country_status,FI|IDENTITY_UNRESOLVED,14,0
country_status,FI|NO_USABLE_PRICE_DATA,0,0
country,FR,44,0
country_status,FR|BACKTEST_READY,0,0
country_status,FR|PARTIALLY_READY,0,0
country_status,FR|IDENTITY_UNRESOLVED,44,0
country_status,FR|NO_USABLE_PRICE_DATA,0,0
country,GB,93,0
country_status,GB|BACKTEST_READY,0,0
country_status,GB|PARTIALLY_READY,1,0
country_status,GB|IDENTITY_UNRESOLVED,91,0
country_status,GB|NO_USABLE_PRICE_DATA,1,0
country,GR,11,0
country_status,GR|BACKTEST_READY,0,0
country_status,GR|PARTIALLY_READY,0,0
country_status,GR|IDENTITY_UNRESOLVED,11,0
country_status,GR|NO_USABLE_PRICE_DATA,0,0
country,HK,23,0
country_status,HK|BACKTEST_READY,0,0
country_status,HK|PARTIALLY_READY,0,0
country_status,HK|IDENTITY_UNRESOLVED,23,0
country_status,HK|NO_USABLE_PRICE_DATA,0,0
country,HU,2,0
country_status,HU|BACKTEST_READY,0,0
country_status,HU|PARTIALLY_READY,0,0
country_status,HU|IDENTITY_UNRESOLVED,2,0
country_status,HU|NO_USABLE_PRICE_DATA,0,0
country,ID,18,0
country_status,ID|BACKTEST_READY,0,0
country_status,ID|PARTIALLY_READY,0,0
country_status,ID|IDENTITY_UNRESOLVED,18,0
country_status,ID|NO_USABLE_PRICE_DATA,0,0
country,IE,24,0
country_status,IE|BACKTEST_READY,0,0
country_status,IE|PARTIALLY_READY,0,0
country_status,IE|IDENTITY_UNRESOLVED,24,0
country_status,IE|NO_USABLE_PRICE_DATA,0,0
country,IL,29,0
country_status,IL|BACKTEST_READY,0,0
country_status,IL|PARTIALLY_READY,0,0
country_status,IL|IDENTITY_UNRESOLVED,27,0
country_status,IL|NO_USABLE_PRICE_DATA,2,0
country,IN,349,0
country_status,IN|BACKTEST_READY,0,0
country_status,IN|PARTIALLY_READY,0,0
country_status,IN|IDENTITY_UNRESOLVED,345,0
country_status,IN|NO_USABLE_PRICE_DATA,4,0
country,IT,14,0
country_status,IT|BACKTEST_READY,0,0
country_status,IT|PARTIALLY_READY,0,0
country_status,IT|IDENTITY_UNRESOLVED,14,0
country_status,IT|NO_USABLE_PRICE_DATA,0,0
country,JE,13,0
country_status,JE|BACKTEST_READY,0,0
country_status,JE|PARTIALLY_READY,0,0
country_status,JE|IDENTITY_UNRESOLVED,13,0
country_status,JE|NO_USABLE_PRICE_DATA,0,0
country,JP,300,0
country_status,JP|BACKTEST_READY,0,0
country_status,JP|PARTIALLY_READY,0,0
country_status,JP|IDENTITY_UNRESOLVED,300,0
country_status,JP|NO_USABLE_PRICE_DATA,0,0
country,KR,288,0
country_status,KR|BACKTEST_READY,0,0
country_status,KR|PARTIALLY_READY,2,0
country_status,KR|IDENTITY_UNRESOLVED,161,0
country_status,KR|NO_USABLE_PRICE_DATA,125,0
country,KW,8,0
country_status,KW|BACKTEST_READY,0,0
country_status,KW|PARTIALLY_READY,0,0
country_status,KW|IDENTITY_UNRESOLVED,8,0
country_status,KW|NO_USABLE_PRICE_DATA,0,0
country,KY,234,0
country_status,KY|BACKTEST_READY,0,0
country_status,KY|PARTIALLY_READY,0,0
country_status,KY|IDENTITY_UNRESOLVED,195,0
country_status,KY|NO_USABLE_PRICE_DATA,39,0
country,LR,1,0
country_status,LR|BACKTEST_READY,0,0
country_status,LR|PARTIALLY_READY,0,0
country_status,LR|IDENTITY_UNRESOLVED,1,0
country_status,LR|NO_USABLE_PRICE_DATA,0,0
country,LU,6,0
country_status,LU|BACKTEST_READY,0,0
country_status,LU|PARTIALLY_READY,0,0
country_status,LU|IDENTITY_UNRESOLVED,6,0
country_status,LU|NO_USABLE_PRICE_DATA,0,0
country,MH,3,0
country_status,MH|BACKTEST_READY,0,0
country_status,MH|PARTIALLY_READY,0,0
country_status,MH|IDENTITY_UNRESOLVED,3,0
country_status,MH|NO_USABLE_PRICE_DATA,0,0
country,MX,10,0
country_status,MX|BACKTEST_READY,0,0
country_status,MX|PARTIALLY_READY,0,0
country_status,MX|IDENTITY_UNRESOLVED,10,0
country_status,MX|NO_USABLE_PRICE_DATA,0,0
country,MY,45,0
country_status,MY|BACKTEST_READY,0,0
country_status,MY|PARTIALLY_READY,0,0
country_status,MY|IDENTITY_UNRESOLVED,45,0
country_status,MY|NO_USABLE_PRICE_DATA,0,0
country,NL,42,0
country_status,NL|BACKTEST_READY,0,0
country_status,NL|PARTIALLY_READY,0,0
country_status,NL|IDENTITY_UNRESOLVED,42,0
country_status,NL|NO_USABLE_PRICE_DATA,0,0
country,NO,9,0
country_status,NO|BACKTEST_READY,0,0
country_status,NO|PARTIALLY_READY,0,0
country_status,NO|IDENTITY_UNRESOLVED,9,0
country_status,NO|NO_USABLE_PRICE_DATA,0,0
country,NZ,4,0
country_status,NZ|BACKTEST_READY,0,0
country_status,NZ|PARTIALLY_READY,0,0
country_status,NZ|IDENTITY_UNRESOLVED,4,0
country_status,NZ|NO_USABLE_PRICE_DATA,0,0
country,PA,1,0
country_status,PA|BACKTEST_READY,0,0
country_status,PA|PARTIALLY_READY,1,0
country_status,PA|IDENTITY_UNRESOLVED,0,0
country_status,PA|NO_USABLE_PRICE_DATA,0,0
country,PE,1,0
country_status,PE|BACKTEST_READY,0,0
country_status,PE|PARTIALLY_READY,0,0
country_status,PE|IDENTITY_UNRESOLVED,0,0
country_status,PE|NO_USABLE_PRICE_DATA,1,0
country,PH,5,0
country_status,PH|BACKTEST_READY,0,0
country_status,PH|PARTIALLY_READY,0,0
country_status,PH|IDENTITY_UNRESOLVED,4,0
country_status,PH|NO_USABLE_PRICE_DATA,1,0
country,PL,18,0
country_status,PL|BACKTEST_READY,0,0
country_status,PL|PARTIALLY_READY,0,0
country_status,PL|IDENTITY_UNRESOLVED,18,0
country_status,PL|NO_USABLE_PRICE_DATA,0,0
country,PT,2,0
country_status,PT|BACKTEST_READY,0,0
country_status,PT|PARTIALLY_READY,0,0
country_status,PT|IDENTITY_UNRESOLVED,2,0
country_status,PT|NO_USABLE_PRICE_DATA,0,0
country,RU,7,0
country_status,RU|BACKTEST_READY,0,0
country_status,RU|PARTIALLY_READY,0,0
country_status,RU|IDENTITY_UNRESOLVED,4,0
country_status,RU|NO_USABLE_PRICE_DATA,3,0
country,SA,70,0
country_status,SA|BACKTEST_READY,0,0
country_status,SA|PARTIALLY_READY,0,0
country_status,SA|IDENTITY_UNRESOLVED,70,0
country_status,SA|NO_USABLE_PRICE_DATA,0,0
country,SE,34,0
country_status,SE|BACKTEST_READY,0,0
country_status,SE|PARTIALLY_READY,0,0
country_status,SE|IDENTITY_UNRESOLVED,34,0
country_status,SE|NO_USABLE_PRICE_DATA,0,0
country,SG,12,0
country_status,SG|BACKTEST_READY,0,0
country_status,SG|PARTIALLY_READY,0,0
country_status,SG|IDENTITY_UNRESOLVED,12,0
country_status,SG|NO_USABLE_PRICE_DATA,0,0
country,TH,71,0
country_status,TH|BACKTEST_READY,0,0
country_status,TH|PARTIALLY_READY,0,0
country_status,TH|IDENTITY_UNRESOLVED,71,0
country_status,TH|NO_USABLE_PRICE_DATA,0,0
country,TR,51,0
country_status,TR|BACKTEST_READY,0,0
country_status,TR|PARTIALLY_READY,0,0
country_status,TR|IDENTITY_UNRESOLVED,51,0
country_status,TR|NO_USABLE_PRICE_DATA,0,0
country,TW,254,0
country_status,TW|BACKTEST_READY,0,0
country_status,TW|PARTIALLY_READY,2,0
country_status,TW|IDENTITY_UNRESOLVED,81,0
country_status,TW|NO_USABLE_PRICE_DATA,171,0
country,UNKNOWN,1,0
country_status,UNKNOWN|BACKTEST_READY,0,0
country_status,UNKNOWN|PARTIALLY_READY,0,0
country_status,UNKNOWN|IDENTITY_UNRESOLVED,1,0
country_status,UNKNOWN|NO_USABLE_PRICE_DATA,0,0
country,US,1304,0
country_status,US|BACKTEST_READY,0,0
country_status,US|PARTIALLY_READY,308,0
country_status,US|IDENTITY_UNRESOLVED,229,0
country_status,US|NO_USABLE_PRICE_DATA,767,0
country,VG,7,0
country_status,VG|BACKTEST_READY,0,0
country_status,VG|PARTIALLY_READY,0,0
country_status,VG|IDENTITY_UNRESOLVED,7,0
country_status,VG|NO_USABLE_PRICE_DATA,0,0
country,ZA,17,0
country_status,ZA|BACKTEST_READY,0,0
country_status,ZA|PARTIALLY_READY,0,0
country_status,ZA|IDENTITY_UNRESOLVED,17,0
country_status,ZA|NO_USABLE_PRICE_DATA,0,0
sector,UNRESOLVED,4236,0
sector_status,UNRESOLVED|BACKTEST_READY,0,0
sector_status,UNRESOLVED|PARTIALLY_READY,316,0
sector_status,UNRESOLVED|IDENTITY_UNRESOLVED,2784,0
sector_status,UNRESOLVED|NO_USABLE_PRICE_DATA,1136,0
