date,spy_bull,symbol,raw_global_rank,engine_eligible_rank,energy_rank,momentum_pct,r63_pct,r126_pct,r252_pct,above_ema200,fundamental_pass,owned_before_signal,portfolio_weight_pct,selected_for_next_month,target_weight_pct,rotational_target,leadership_target,rejection_or_status
2022-01-31,True,APA,2,,2,77.23296519201396,27.21419399271756,82.82608850387649,121.65861307944783,True,,False,0.0,False,0.0,False,False,FUNDAMENTAL UNRESOLVED
2022-01-31,True,BKR,41,15,13,27.686270402627926,10.172919907257704,33.59154847753809,39.29434282308799,True,True,False,0.0,True,3.916521831427096,True,False,SELECTED ROTATIONAL
2022-01-31,True,COP,5,,5,68.64030267556865,19.29864154430525,61.456789323786886,125.16547715861384,True,,False,0.0,False,0.0,False,False,FUNDAMENTAL UNRESOLVED
2022-01-31,True,CVX,16,,11,36.20309182545996,16.040454051768506,32.53539647008638,60.033424954524996,True,,False,0.0,False,0.0,False,False,FUNDAMENTAL UNRESOLVED
2022-01-31,True,DVN,1,,1,118.39395870916165,28.67702021658536,105.8612886469684,220.64356726393123,True,,False,0.0,False,0.0,False,False,FUNDAMENTAL UNRESOLVED
2022-01-31,True,EOG,3,,3,71.97139345213873,24.305389660403478,61.207556725202124,130.40123397081058,True,,False,0.0,False,0.0,False,False,FUNDAMENTAL UNRESOLVED
2022-01-31,True,FANG,4,,4,68.78571593766681,18.218378856646567,66.04560887481003,122.09316008154386,True,,False,0.0,False,0.0,False,False,FUNDAMENTAL UNRESOLVED
2022-01-31,True,HAL,7,,6,49.95596998820708,23.241882074731258,53.11265613799772,73.51337175189225,True,,False,0.0,False,0.0,False,False,FUNDAMENTAL UNRESOLVED
2022-01-31,True,KMI,147,,17,13.506718801727358,5.268729765682667,3.445370218299093,31.806056421200314,True,,False,0.0,False,0.0,False,False,FUNDAMENTAL UNRESOLVED
2022-01-31,True,MPC,12,,10,38.63759555431478,9.801016702406917,34.27679080117794,71.83497915935948,True,,False,0.0,False,0.0,False,False,FUNDAMENTAL UNRESOLVED
2022-01-31,True,OKE,46,,15,26.903372094033166,-3.1170676632065963,21.797035625454477,62.030148319851634,True,,False,0.0,False,0.0,False,False,FUNDAMENTAL UNRESOLVED
2022-01-31,True,OXY,8,,7,47.855746784131206,12.38430226929541,46.17093732659239,85.01200075650581,True,,False,0.0,False,0.0,False,False,FUNDAMENTAL UNRESOLVED
2022-01-31,True,PSX,70,,16,21.598805503357553,14.740852186700026,18.272810250393956,31.78275407297868,True,,False,0.0,False,0.0,False,False,FUNDAMENTAL UNRESOLVED
2022-01-31,True,SLB,9,,8,46.436893945126265,21.63758804551188,38.29899577151012,79.3740980183568,True,,False,0.0,False,0.0,False,False,FUNDAMENTAL UNRESOLVED
2022-01-31,True,VLO,28,,12,31.06789954989619,8.724969654070325,28.55547846550872,55.92325053010951,True,,False,0.0,False,0.0,False,False,FUNDAMENTAL UNRESOLVED
2022-01-31,True,WMB,43,,14,27.364154356978958,8.227607148281946,23.96742221174324,49.897433710911685,True,,False,0.0,False,0.0,False,False,FUNDAMENTAL UNRESOLVED
2022-01-31,True,XOM,11,,9,44.92333651808947,19.437499676420032,35.75801720950811,79.57449266834027,True,,False,0.0,False,0.0,False,False,FUNDAMENTAL UNRESOLVED
2022-02-28,False,APA,2,,2,70.62264724814045,36.32820649549613,91.33383042884627,84.20590482007897,True,,False,0.0,False,0.0,False,False,BEAR GATE: liquidate/block equity
2022-02-28,False,BKR,34,11,13,26.1638141033735,28.26923954260401,29.107805449468515,21.114397318047985,True,True,True,4.123536258166777,False,0.0,False,False,BEAR GATE: liquidate/block equity
2022-02-28,False,COP,6,,5,62.98146181415159,33.73072606605763,69.51269713558648,85.70096224081065,True,False,False,0.0,False,0.0,False,False,BEAR GATE: liquidate/block equity
2022-02-28,False,CVX,11,,8,41.47514284047724,27.083234995159078,49.242199125666495,48.09999440060615,True,False,False,0.0,False,0.0,False,False,BEAR GATE: liquidate/block equity
2022-02-28,False,DVN,1,,1,109.42441513743671,42.22949057198655,103.53146184848212,182.5122929918414,True,False,False,0.0,False,0.0,False,False,BEAR GATE: liquidate/block equity
2022-02-28,False,EOG,4,,4,64.6928314608506,35.52882973991191,70.93145458898992,87.61821005364993,True,,False,0.0,False,0.0,False,False,BEAR GATE: liquidate/block equity
2022-02-28,False,FANG,3,,3,66.93900368479584,28.48902287888393,80.96688768259624,91.36110049290735,True,,False,0.0,False,0.0,False,False,BEAR GATE: liquidate/block equity
2022-02-28,False,HAL,9,,7,55.302558190646124,55.16592643832894,63.83982771369936,46.901920419910056,True,,False,0.0,False,0.0,False,False,BEAR GATE: liquidate/block equity
2022-02-28,False,KMI,111,,17,13.362374147908195,8.690891061109829,8.246048353665781,23.15018302894898,True,False,False,0.0,False,0.0,False,False,BEAR GATE: liquidate/block equity
2022-02-28,False,MPC,16,,11,34.54057571945678,27.86635746146906,31.86890175478205,43.88646794211923,True,,False,0.0,False,0.0,False,False,BEAR GATE: liquidate/block equity
2022-02-28,False,OKE,35,,14,26.06283620767324,6.178612379299797,25.008552995452217,47.0013432482677,True,,False,0.0,False,0.0,False,False,BEAR GATE: liquidate/block equity
2022-02-28,False,OXY,8,,6,58.75743394109507,47.287742078498596,70.54524438303346,58.43931536175315,True,,False,0.0,False,0.0,False,False,BEAR GATE: liquidate/block equity
2022-02-28,False,PSX,92,,16,15.259161451525372,22.96176419730902,18.673105614802708,4.1426145424643845,True,False,False,0.0,False,0.0,False,False,BEAR GATE: liquidate/block equity
2022-02-28,False,SLB,15,,10,36.16529160931972,33.12346089183762,36.56782893954209,38.804584996579464,True,,False,0.0,False,0.0,False,False,BEAR GATE: liquidate/block equity
2022-02-28,False,VLO,55,,15,21.578136834960468,24.18015397735145,27.52459672986365,13.029659797666305,True,,False,0.0,False,0.0,False,False,BEAR GATE: liquidate/block equity
2022-02-28,False,WMB,27,,12,28.353544111542533,12.470871254915572,31.252430612081362,41.337330467630665,True,False,False,0.0,False,0.0,False,False,BEAR GATE: liquidate/block equity
2022-02-28,False,XOM,13,,9,40.12161357618111,29.458836553559344,44.12873519962945,46.777268975354524,True,,False,0.0,False,0.0,False,False,BEAR GATE: liquidate/block equity
2022-03-31,True,APA,4,,3,89.56623268862813,53.34561218526539,94.08356423708592,121.26952164353311,True,,False,0.0,False,0.0,False,False,FUNDAMENTAL UNRESOLVED
2022-03-31,True,BKR,8,2,6,58.28589442380153,53.05417451396976,49.260495031079124,72.54301372635572,True,True,False,0.0,True,2.898095348047272,True,False,SELECTED ROTATIONAL
2022-03-31,True,COP,7,,5,60.36901983089448,39.830305509176476,50.05752896434792,91.21922501915904,True,False,False,0.0,False,0.0,False,False,FUNDAMENTAL FAIL
2022-03-31,True,CVX,10,,7,55.272687047962144,40.1278820649386,64.08338170743917,61.60679737150865,True,False,False,0.0,False,0.0,False,False,FUNDAMENTAL FAIL
2022-03-31,True,DVN,2,,2,93.01808293657191,37.71092211891247,72.71763607758717,168.62569061321614,True,False,False,0.0,False,0.0,False,False,FUNDAMENTAL FAIL
2022-03-31,True,EOG,11,,8,53.44721036666611,35.84158648756246,55.16296394836178,69.3370806640741,True,,False,0.0,False,0.0,False,False,FUNDAMENTAL UNRESOLVED
2022-03-31,True,FANG,13,,9,48.83857956225264,28.313527972394013,46.089112161409695,72.11309855295423,True,,False,0.0,False,0.0,False,False,FUNDAMENTAL UNRESOLVED
2022-03-31,True,HAL,6,,4,72.54151476128708,67.01021330099684,76.14904805373956,74.46528292912483,True,,False,0.0,False,0.0,False,False,FUNDAMENTAL UNRESOLVED
2022-03-31,True,KMI,86,,16,19.249793639501753,21.562295083822235,16.65538690474606,19.531698929936958,True,False,False,0.0,False,0.0,False,False,FUNDAMENTAL FAIL
2022-03-31,True,MPC,16,,10,45.07418736781746,35.79133595661168,40.596838503828224,58.83438764301248,True,,False,0.0,False,0.0,False,False,FUNDAMENTAL UNRESOLVED
2022-03-31,True,OKE,33,,15,31.734274775699173,22.680966011158322,25.535815180165923,46.98604313577328,True,,False,0.0,False,0.0,False,False,FUNDAMENTAL UNRESOLVED
2022-03-31,True,OXY,1,,1,98.84720877290022,96.30060327677367,92.31605550216162,107.92496753976538,True,,False,0.0,False,0.0,False,False,FUNDAMENTAL UNRESOLVED
2022-03-31,True,PSX,90,,17,18.498116421679786,20.53040492392999,26.18558724397071,8.778357097138656,True,False,False,0.0,False,0.0,False,False,FUNDAMENTAL FAIL
2022-03-31,True,SLB,20,,12,42.919021453730856,38.97634477718759,40.429730358186355,49.35098922581862,True,,False,0.0,False,0.0,False,False,FUNDAMENTAL UNRESOLVED
2022-03-31,True,VLO,21,,13,42.565565154629745,38.24574166472576,47.45508514074235,41.99586865842113,True,,False,0.0,False,0.0,False,False,FUNDAMENTAL UNRESOLVED
2022-03-31,True,WMB,27,,14,37.16038754622921,30.582693654926985,32.49168857568196,48.40678040807869,True,False,False,0.0,False,0.0,False,False,FUNDAMENTAL FAIL
2022-03-31,True,XOM,18,,11,44.40400140983965,37.374543367023726,43.921880419119304,51.915580443375916,True,,False,0.0,False,0.0,False,False,FUNDAMENTAL UNRESOLVED
2022-04-29,False,APA,6,,3,60.93251556302953,23.760233536427112,52.198937898174094,106.83837525448739,True,,False,0.0,False,0.0,False,False,BEAR GATE: liquidate/block equity
2022-04-29,False,BKR,19,4,11,32.67381110175111,14.985233257267993,23.956591913911662,59.079608134073695,True,True,False,0.0,False,0.0,False,False,BEAR GATE: liquidate/block equity
2022-04-29,False,COP,10,,6,43.103630449787175,7.9070489816365885,28.464978297420718,92.9388640703042,True,False,False,0.0,False,0.0,False,False,BEAR GATE: liquidate/block equity
2022-04-29,False,CVX,11,,7,40.782026994922454,21.22120564577381,41.58871491051224,59.53616042848131,True,False,False,0.0,False,0.0,False,False,BEAR GATE: liquidate/block equity
2022-04-29,False,DVN,1,,1,76.45515784908703,14.766215357556533,48.978458816633896,165.62079937307064,True,False,False,0.0,False,0.0,False,False,BEAR GATE: liquidate/block equity
2022-04-29,False,EOG,15,,9,35.981127397873976,8.006189733917024,30.21259889539294,69.72459356431196,True,,False,0.0,False,0.0,False,False,BEAR GATE: liquidate/block equity
2022-04-29,False,FANG,30,,13,24.27831456831179,-1.4957229328113164,16.829458157034495,57.50120848071219,True,,False,0.0,False,0.0,False,False,BEAR GATE: liquidate/block equity
2022-04-29,False,HAL,9,,5,45.92593134325946,14.008659561275483,39.870145737963526,83.89898873053936,True,,False,0.0,False,0.0,False,False,BEAR GATE: liquidate/block equity
2022-04-29,False,KMI,102,,17,10.01342827436238,7.139527913491528,9.619523031133559,13.28123387846205,True,False,False,0.0,False,0.0,False,False,BEAR GATE: liquidate/block equity
2022-04-29,False,MPC,13,,8,39.334312222543716,22.431005535398608,33.03103492920003,62.54089620303252,True,,False,0.0,False,0.0,False,False,BEAR GATE: liquidate/block equity
2022-04-29,False,OKE,72,,15,12.782412146308605,8.390961104243244,1.126459660247714,28.829815674434855,True,,False,0.0,False,0.0,False,False,BEAR GATE: liquidate/block equity
2022-04-29,False,OXY,2,,2,76.06298337392472,46.9644714021312,63.26576189233606,117.9587168273069,True,,False,0.0,False,0.0,False,False,BEAR GATE: liquidate/block equity
2022-04-29,False,PSX,92,,16,10.668458807245658,4.092912612455701,15.63027830032273,12.282185508958543,True,False,False,0.0,False,0.0,False,False,BEAR GATE: liquidate/block equity
2022-04-29,False,SLB,35,,14,21.057803300805457,-1.3726021152402401,18.035800847519813,46.510211170136806,True,,False,0.0,False,0.0,False,False,BEAR GATE: liquidate/block equity
2022-04-29,False,VLO,7,,4,47.60557260754226,38.485941062085224,45.610060126888776,58.72071663365277,True,,False,0.0,False,0.0,False,False,BEAR GATE: liquidate/block equity
2022-04-29,False,WMB,21,,12,30.25214407814713,17.2015766735621,24.115369373207418,49.43948618767187,True,False,False,0.0,False,0.0,False,False,BEAR GATE: liquidate/block equity
2022-04-29,False,XOM,16,,10,35.86662172986761,14.505342256820942,35.875229394707596,57.21929353807429,True,,False,0.0,False,0.0,False,False,BEAR GATE: liquidate/block equity
2022-05-31,False,APA,4,,4,69.63841552780856,26.43946848679959,76.436363051625,106.03941504500108,True,,False,0.0,False,0.0,False,False,BEAR GATE: liquidate/block equity
2022-05-31,False,BKR,15,3,12,42.37138789193095,27.573005535952944,54.69159933034937,44.84955880949053,True,True,False,0.0,False,0.0,False,False,BEAR GATE: liquidate/block equity
2022-05-31,False,COP,6,,6,57.764809569300844,16.733476478485223,58.08269142137856,98.47826080803877,True,False,False,0.0,False,0.0,False,False,BEAR GATE: liquidate/block equity
2022-05-31,False,CVX,12,,10,47.93472620984582,17.643446484332316,54.98360535668931,71.17712678851585,True,False,False,0.0,False,0.0,False,False,BEAR GATE: liquidate/block equity
2022-05-31,False,DVN,2,,2,90.07860117695265,28.569260244386328,76.8882410836373,164.7783022028343,True,False,False,0.0,False,0.0,False,False,BEAR GATE: liquidate/block equity
2022-05-31,False,EOG,10,,8,51.603719291785765,19.38908730886353,62.10584529172443,73.31622527476934,True,,False,0.0,False,0.0,False,False,BEAR GATE: liquidate/block equity
2022-05-31,False,FANG,14,,11,46.34561704424069,14.31552386430688,42.288668209297064,82.43265905911812,True,,False,0.0,False,0.0,False,False,BEAR GATE: liquidate/block equity
2022-05-31,False,HAL,5,,5,61.83477248401551,26.5026447458397,83.59067469088855,75.41099801531827,True,,False,0.0,False,0.0,False,False,BEAR GATE: liquidate/block equity
2022-05-31,False,KMI,48,,16,17.894106486425386,13.653145275402402,26.829541345395235,13.199632838478514,True,False,False,0.0,False,0.0,False,False,BEAR GATE: liquidate/block equity
2022-05-31,False,MPC,7,,7,57.22947201058935,36.508742330329326,66.96767808275668,68.21199561868202,True,,False,0.0,False,0.0,False,False,BEAR GATE: liquidate/block equity
2022-05-31,False,OKE,65,,17,14.589639990279002,4.704174019232821,8.671128640363435,30.39361731124075,True,,False,0.0,False,0.0,False,False,BEAR GATE: liquidate/block equity
2022-05-31,False,OXY,1,,1,107.96618701533123,48.46483663903207,131.1698983672656,144.263826039696,True,,False,0.0,False,0.0,False,False,BEAR GATE: liquidate/block equity
2022-05-31,False,PSX,24,,15,30.942497939162077,23.953513953638005,47.372025119196735,21.501954744651485,True,False,False,0.0,False,0.0,False,False,BEAR GATE: liquidate/block equity
2022-05-31,False,SLB,16,,13,40.34757765960018,22.471466225091994,56.778991734401394,41.792275019307134,True,,False,0.0,False,0.0,False,False,BEAR GATE: liquidate/block equity
2022-05-31,False,VLO,3,,3,73.76306813519443,62.04231568898555,93.82879296883158,65.41809574776619,True,,False,0.0,False,0.0,False,False,BEAR GATE: liquidate/block equity
2022-05-31,False,WMB,20,,14,33.65680925608765,18.549988026684883,36.105119390980754,46.31532035059731,True,False,False,0.0,False,0.0,False,False,BEAR GATE: liquidate/block equity
2022-05-31,False,XOM,11,,9,49.53783403466338,22.4945218955245,59.21282985809333,66.9061503503723,True,,False,0.0,False,0.0,False,False,BEAR GATE: liquidate/block equity
2022-06-30,False,APA,7,,5,24.650665087965294,-15.040286006071701,25.916935209883118,63.07534606008447,False,,False,0.0,False,0.0,False,False,BEAR GATE: liquidate/block equity
2022-06-30,False,BKR,44,13,13,9.233927927190026,-22.329931137494118,20.338481752826997,29.6932331662372,False,True,False,0.0,False,0.0,False,False,BEAR GATE: liquidate/block equity
2022-06-30,False,COP,11,,6,22.938027386065908,-10.102678116098108,25.97103481365597,52.94572546063987,True,False,False,0.0,False,0.0,False,False,BEAR GATE: liquidate/block equity
2022-06-30,False,CVX,17,,9,19.26797062113873,-11.76982029356849,25.093263585110883,44.4804685718738,True,False,False,0.0,False,0.0,False,False,BEAR GATE: liquidate/block equity
2022-06-30,False,DVN,2,,2,41.40295310277091,-7.4388377005716215,28.98406866501011,102.66362834387425,True,False,False,0.0,False,0.0,False,False,BEAR GATE: liquidate/block equity
2022-06-30,False,EOG,15,,8,21.337364321481623,-6.983192899153579,27.36974465639812,43.62554120720033,True,,False,0.0,False,0.0,False,False,BEAR GATE: liquidate/block equity
2022-06-30,False,FANG,30,,12,12.655137091094005,-10.815885190148421,14.667339223417674,34.11395724001276,True,,False,0.0,False,0.0,False,False,BEAR GATE: liquidate/block equity
2022-06-30,False,HAL,18,,10,18.79741115883781,-18.34652451480121,37.621895298041075,37.11686269327357,False,,False,0.0,False,0.0,False,False,BEAR GATE: liquidate/block equity
2022-06-30,False,KMI,115,,16,-1.2806127410913617,-10.860608990883359,9.184034886134107,-2.1652641185248345,False,False,False,0.0,False,0.0,False,False,BEAR GATE: liquidate/block equity
2022-06-30,False,MPC,12,,7,22.56678904316669,-3.106275358546462,30.274457773160357,40.53218471488618,True,,False,0.0,False,0.0,False,False,BEAR GATE: liquidate/block equity
2022-06-30,False,OKE,154,,17,-5.971830880995307,-21.4622798985748,-2.6585814463904844,6.2053687019793635,False,,False,0.0,False,0.0,False,False,BEAR GATE: liquidate/block equity
2022-06-30,False,OXY,1,,1,64.65436303125325,2.639937953190241,102.0875629196111,89.23558822095843,True,,False,0.0,False,0.0,False,False,BEAR GATE: liquidate/block equity
2022-06-30,False,PSX,86,,15,3.2273290329249638,-5.263086775365366,14.940044356423332,0.005029517716925724,False,False,False,0.0,False,0.0,False,False,BEAR GATE: liquidate/block equity
2022-06-30,False,SLB,62,,14,6.664008156989569,-14.958159260053595,21.455339679652184,13.494844051370114,False,,False,0.0,False,0.0,False,False,BEAR GATE: liquidate/block equity
2022-06-30,False,VLO,4,,3,31.513944208574983,6.611865546791584,45.153753767279255,42.77621331165411,True,,False,0.0,False,0.0,False,False,BEAR GATE: liquidate/block equity
2022-06-30,False,WMB,26,,11,13.724769502018988,-6.143555358622144,22.87183371308197,24.446030151597142,True,False,False,0.0,False,0.0,False,False,BEAR GATE: liquidate/block equity
2022-06-30,False,XOM,5,,4,29.675150772334995,3.2624380538126996,43.053081393814274,42.70993286937801,True,,False,0.0,False,0.0,False,False,BEAR GATE: liquidate/block equity
2022-07-29,False,APA,12,,6,33.64775785410068,-9.988983326601964,13.566332473282872,97.36592441562112,True,,False,0.0,False,0.0,False,False,BEAR GATE: liquidate/block equity
2022-07-29,False,BKR,178,64,17,0.18672515747776658,-19.25438095387192,-4.801743560301441,24.61629998660666,False,True,False,0.0,False,0.0,False,False,BEAR GATE: liquidate/block equity
2022-07-29,False,COP,16,,8,29.190865059646438,1.0738095671701364,10.837038216118877,75.66174739565031,True,False,False,0.0,False,0.0,False,False,BEAR GATE: liquidate/block equity
2022-07-29,False,CVX,14,,7,30.761302288542815,2.0853219407489965,23.299620165088776,66.89896475979067,True,False,False,0.0,False,0.0,False,False,BEAR GATE: liquidate/block equity
2022-07-29,False,DVN,3,,2,61.916843285778675,6.741972217248304,25.662809785710095,153.34574785437763,True,False,False,0.0,False,0.0,False,False,BEAR GATE: liquidate/block equity
2022-07-29,False,EOG,27,,10,21.191396891107637,-3.5117926077353534,5.066807959587782,62.01917532147048,True,,False,0.0,False,0.0,False,False,BEAR GATE: liquidate/block equity
2022-07-29,False,FANG,20,,9,23.657197319120794,1.2875249864664928,2.3970891924602444,67.28697777843564,True,,False,0.0,False,0.0,False,False,BEAR GATE: liquidate/block equity
2022-07-29,False,HAL,128,,15,5.029348959134646,-19.970552634278803,-4.3248875883185605,39.383487100001304,False,,False,0.0,False,0.0,False,False,BEAR GATE: liquidate/block equity
2022-07-29,False,KMI,130,,16,4.994656109072767,-1.393898548501793,7.77439974125318,8.603467134466914,True,False,False,0.0,False,0.0,False,False,BEAR GATE: liquidate/block equity
2022-07-29,False,MPC,11,,5,33.7527222886242,2.8040820238819597,29.189184123251955,69.26490071873867,True,,False,0.0,False,0.0,False,False,BEAR GATE: liquidate/block equity
2022-07-29,False,OKE,122,,13,5.342555237202006,-7.993417341957542,3.9417873715386076,20.079295682024956,False,,False,0.0,False,0.0,False,False,BEAR GATE: liquidate/block equity
2022-07-29,False,OXY,2,,1,79.82646165324593,15.520144242221722,77.21440816665275,146.7448325508633,True,,False,0.0,False,0.0,False,False,BEAR GATE: liquidate/block equity
2022-07-29,False,PSX,69,,12,11.200239791568833,3.107971033680168,5.911112590444967,24.581635750581366,True,False,False,0.0,False,0.0,False,False,BEAR GATE: liquidate/block equity
2022-07-29,False,SLB,126,,14,5.185491174619764,-7.3273602133057665,-4.0390121732589375,26.922845910423998,False,,False,0.0,False,0.0,False,False,BEAR GATE: liquidate/block equity
2022-07-29,False,VLO,10,,4,35.3984896851049,-3.3398560173235836,37.75924769093591,71.77607738170238,True,,False,0.0,False,0.0,False,False,BEAR GATE: liquidate/block equity
2022-07-29,False,WMB,30,,11,19.947443558688263,-0.9558254258221099,18.99333131473697,41.80482478714993,True,False,False,0.0,False,0.0,False,False,BEAR GATE: liquidate/block equity
2022-07-29,False,XOM,7,,3,38.99714796079385,12.291740452655286,31.801287501774777,72.8984159279515,True,,False,0.0,False,0.0,False,False,BEAR GATE: liquidate/block equity
2022-08-31,False,APA,11,,7,29.93660056284443,-17.562253467939883,3.969276061275351,103.40277909519781,True,,False,0.0,False,0.0,False,False,BEAR GATE: liquidate/block equity
2022-08-31,False,BKR,289,,17,-11.34596590468511,-31.977164584702788,-15.858698004565108,13.797964875212564,False,True,False,0.0,False,0.0,False,False,BEAR GATE: liquidate/block equity
2022-08-31,False,COP,7,,4,37.76849527950696,-4.290188508572679,13.828350719880401,103.76732362721314,True,False,False,0.0,False,0.0,False,False,BEAR GATE: liquidate/block equity
2022-08-31,False,CVX,21,,10,21.557153000116372,-9.555683774995028,4.3329814830520785,69.89416129229207,True,False,False,0.0,False,0.0,False,False,BEAR GATE: liquidate/block equity
2022-08-31,False,DVN,3,,2,58.34024679515273,-6.078700741860443,24.562591639683063,156.53684948763558,True,False,False,0.0,False,0.0,False,False,BEAR GATE: liquidate/block equity
2022-08-31,False,EOG,12,,8,29.732822152008982,-11.432169728995433,7.7279268696555325,92.90270931536683,True,,False,0.0,False,0.0,False,False,BEAR GATE: liquidate/block equity
2022-08-31,False,FANG,15,,9,24.934719150368444,-10.747890960727545,2.7330497705444046,82.81899864128847,True,,False,0.0,False,0.0,False,False,BEAR GATE: liquidate/block equity
2022-08-31,False,HAL,95,,15,5.548667289471324,-27.222226931724858,-8.231785750684217,52.10001455082305,False,,False,0.0,False,0.0,False,False,BEAR GATE: liquidate/block equity
2022-08-31,False,KMI,92,,14,5.620178656658803,-7.077428730937019,4.123703785362198,19.81426091555123,True,False,False,0.0,False,0.0,False,False,BEAR GATE: liquidate/block equity
2022-08-31,False,MPC,8,,5,34.938052034174554,-2.4592429405099203,32.42918295846371,74.84421608456988,True,,False,0.0,False,0.0,False,False,BEAR GATE: liquidate/block equity
2022-08-31,False,OKE,111,,16,3.6448994357072717,-6.973341587766213,-5.937595090207504,23.845634985095533,False,,False,0.0,False,0.0,False,False,BEAR GATE: liquidate/block equity
2022-08-31,False,OXY,1,,1,75.39572152175795,1.0247226701579404,47.41048444291926,177.75195745219668,True,,False,0.0,False,0.0,False,False,BEAR GATE: liquidate/block equity
2022-08-31,False,PSX,67,,12,9.152658769920885,-12.361336017960767,8.362923318669214,31.45638900905421,True,False,False,0.0,False,0.0,False,False,BEAR GATE: liquidate/block equity
2022-08-31,False,SLB,91,,13,5.642924893431131,-18.273347736784572,-2.407588988189091,37.609711405267056,True,,False,0.0,False,0.0,False,False,BEAR GATE: liquidate/block equity
2022-08-31,False,VLO,6,,3,38.59548038429939,-10.837700046952081,42.48557231569512,84.13856888415513,True,,False,0.0,False,0.0,False,False,BEAR GATE: liquidate/block equity
2022-08-31,False,WMB,41,,11,14.878266064977577,-7.997943751303815,6.7201949857307985,45.91254696050575,True,False,False,0.0,False,0.0,False,False,BEAR GATE: liquidate/block equity
2022-08-31,False,XOM,10,,6,34.30908578521792,-1.3770816974255307,21.043829031343762,83.26051002173551,True,,False,0.0,False,0.0,False,False,BEAR GATE: liquidate/block equity
2022-09-30,False,APA,22,,8,13.99918391075277,-2.9183041228229234,-16.71895826941433,61.63481412449556,False,,False,0.0,False,0.0,False,False,BEAR GATE: liquidate/block equity
2022-09-30,False,BKR,398,,17,-27.386178133806556,-27.413371817526922,-41.72568846178528,-13.019474122107455,False,True,False,0.0,False,0.0,False,False,BEAR GATE: liquidate/block equity
2022-09-30,False,COP,8,,4,26.07646132578383,14.535654236099727,5.453225437114528,58.24050430413723,True,False,False,0.0,False,0.0,False,False,BEAR GATE: liquidate/block equity
2022-09-30,False,CVX,26,,9,12.004434864541903,-1.062771999040013,-10.226809782636415,47.30288637530214,False,False,False,0.0,False,0.0,False,False,BEAR GATE: liquidate/block equity
2022-09-30,False,DVN,4,,3,33.34838032290471,11.57758593479381,5.775174346206335,82.69238068771398,True,False,False,0.0,False,0.0,False,False,BEAR GATE: liquidate/block equity
2022-09-30,False,EOG,18,,7,16.925494568830814,2.081930818256139,-2.5350117274207995,51.22956461565711,True,,False,0.0,False,0.0,False,False,BEAR GATE: liquidate/block equity
2022-09-30,False,FANG,35,,10,9.516513269048472,1.750603497007286,-7.838695374145265,34.6376316842834,False,,False,0.0,False,0.0,False,False,BEAR GATE: liquidate/block equity
2022-09-30,False,HAL,241,,16,-13.518388231460909,-21.3487690045133,-34.530426382296454,15.324030692427026,False,,False,0.0,False,0.0,False,False,BEAR GATE: liquidate/block equity
2022-09-30,False,KMI,99,,14,-1.3097027332424793,-0.48799617640833404,-9.275790099279046,5.834678075959943,False,False,False,0.0,False,0.0,False,False,BEAR GATE: liquidate/block equity
2022-09-30,False,MPC,3,,2,33.71579985717848,18.283712872654178,17.56749941432856,65.29618728455272,True,,False,0.0,False,0.0,False,False,BEAR GATE: liquidate/block equity
2022-09-30,False,OKE,236,,15,-13.220709217602833,-8.296093630551693,-25.229628898171907,-6.136405124084899,False,,False,0.0,False,0.0,False,False,BEAR GATE: liquidate/block equity
2022-09-30,False,OXY,2,,1,39.904581860438675,1.8725339450475387,8.73204042462119,109.1091712116473,True,,False,0.0,False,0.0,False,False,BEAR GATE: liquidate/block equity
2022-09-30,False,PSX,55,,11,4.179102155721185,-3.293541268088851,-4.577983785301654,20.40883152055406,False,False,False,0.0,False,0.0,False,False,BEAR GATE: liquidate/block equity
2022-09-30,False,SLB,57,,12,3.964600130810599,1.1729624723866294,-12.356580192425293,23.07741811247046,False,,False,0.0,False,0.0,False,False,BEAR GATE: liquidate/block equity
2022-09-30,False,VLO,13,,5,21.584694328108974,-0.1470006788068412,7.050167715271982,57.85091594786178,True,,False,0.0,False,0.0,False,False,BEAR GATE: liquidate/block equity
2022-09-30,False,WMB,95,,13,-1.0001051883724834,-7.285904479713434,-12.132089466890417,16.4176783814864,False,False,False,0.0,False,0.0,False,False,BEAR GATE: liquidate/block equity
2022-09-30,False,XOM,14,,6,21.206267658963643,0.6675832905277401,7.801407251594927,55.149812434768265,True,,False,0.0,False,0.0,False,False,BEAR GATE: liquidate/block equity
2022-10-31,False,APA,11,,8,38.897445832041036,27.285800584218677,13.039923154751687,76.36661375715275,True,,False,0.0,False,0.0,False,False,BEAR GATE: liquidate/block equity
2022-10-31,False,BKR,117,48,18,4.462416936285759,9.618968959803365,-9.414280195687375,13.182562044741285,True,True,False,0.0,False,0.0,False,False,BEAR GATE: liquidate/block equity
2022-10-31,False,COP,3,,3,49.098646490340286,35.558280704509905,35.45216189304836,76.2854968734626,True,False,False,0.0,False,0.0,False,False,BEAR GATE: liquidate/block equity
2022-10-31,False,CVX,20,,11,31.417988977373557,14.688561148407796,15.215971363779413,64.34943441993346,True,False,False,0.0,False,0.0,False,False,BEAR GATE: liquidate/block equity
2022-10-31,False,DVN,1,,1,58.85486036184761,30.46346196854943,37.88590870127961,108.21521041571378,True,False,False,0.0,False,0.0,False,False,BEAR GATE: liquidate/block equity
2022-10-31,False,EOG,12,,9,37.48547043408122,29.67174654418041,22.098013929467154,60.6866508285961,True,,False,0.0,False,0.0,False,False,BEAR GATE: liquidate/block equity
2022-10-31,False,EQT,10,,7,39.951929350460375,0.26698496926120807,6.806662189575241,112.78214089254467,True,False,False,0.0,False,0.0,False,False,BEAR GATE: liquidate/block equity
2022-10-31,False,FANG,13,,10,36.815131735430924,26.12175364716922,29.233023629855804,55.09061792926775,True,,False,0.0,False,0.0,False,False,BEAR GATE: liquidate/block equity
2022-10-31,False,HAL,34,,14,25.8146445011376,27.86030227953038,1.9922070138230552,47.59142421005937,True,,False,0.0,False,0.0,False,False,BEAR GATE: liquidate/block equity
2022-10-31,False,KMI,97,,17,7.022111861118134,3.216356950915622,2.7935397028416853,15.056438929597093,True,False,False,0.0,False,0.0,False,False,BEAR GATE: liquidate/block equity
2022-10-31,False,MPC,7,,6,42.79026429684347,22.091259300536947,29.018668807654535,77.26086478233891,True,,False,0.0,False,0.0,False,False,BEAR GATE: liquidate/block equity
2022-10-31,False,OKE,169,,19,-0.8578925672947824,2.4570622135531295,-4.183402173460548,-0.8473377419769279,True,,False,0.0,False,0.0,False,False,BEAR GATE: liquidate/block equity
2022-10-31,False,OXY,2,,2,51.59402698205847,11.810407658112787,25.023902858300207,117.94777042976241,True,,False,0.0,False,0.0,False,False,BEAR GATE: liquidate/block equity
2022-10-31,False,PSX,26,,13,28.511395602109552,20.41996819505627,19.42798409937314,45.68623451189924,True,False,False,0.0,False,0.0,False,False,BEAR GATE: liquidate/block equity
2022-10-31,False,SLB,4,,4,46.843597265689056,42.474018173715166,34.16710552366715,63.88966809968486,True,,False,0.0,False,0.0,False,False,BEAR GATE: liquidate/block equity
2022-10-31,False,TRGP,92,,15,7.289300532199423,1.1275890290248114,-6.970833681768351,27.711146249341812,True,False,False,0.0,False,0.0,False,False,BEAR GATE: liquidate/block equity
2022-10-31,False,VLO,23,,12,30.309230415247534,12.126084847252327,9.538850111098096,69.26275628739218,True,,False,0.0,False,0.0,False,False,BEAR GATE: liquidate/block equity
2022-10-31,False,WMB,95,,16,7.1301108254433965,0.9272496428655463,-2.4397341874161094,22.90281702088075,True,False,False,0.0,False,0.0,False,False,BEAR GATE: liquidate/block equity
2022-10-31,False,XOM,6,,5,43.10954438713981,18.90760584925364,30.768403838543847,79.65262347362196,True,,False,0.0,False,0.0,False,False,BEAR GATE: liquidate/block equity
2022-11-30,True,APA,15,,7,34.907202429097,20.511783855467257,-0.6528010839657483,84.86262451578949,True,,False,0.0,False,0.0,False,False,FUNDAMENTAL UNRESOLVED
2022-11-30,True,BKR,185,64,19,7.278952246396416,15.635046576054679,-21.341762585168045,27.543572748302616,True,True,False,0.0,False,0.0,False,False,GLOBAL RANK >20: NOT NEW-ENTRY ELIGIBLE
2022-11-30,True,COP,12,,6,36.275963478020806,14.818384022771781,9.892458905697964,84.11704750559268,True,False,False,0.0,False,0.0,False,False,FUNDAMENTAL FAIL
2022-11-30,True,CVX,26,,12,30.283333590193863,16.86953296143607,5.701849962327654,68.27861784681785,True,False,False,0.0,False,0.0,False,False,FUNDAMENTAL FAIL
2022-11-30,True,DVN,53,,13,22.724934288227146,-0.7785046191960521,-6.809882394994005,75.7631898788715,True,False,False,0.0,False,0.0,False,False,FUNDAMENTAL FAIL
2022-11-30,True,EOG,16,,8,34.05899134450204,19.128786136860153,5.509781109602319,77.53840678704364,True,,False,0.0,False,0.0,False,False,FUNDAMENTAL UNRESOLVED
2022-11-30,True,EQT,22,,9,32.1839157816094,-10.973268830063553,-14.238583881354373,121.76360005624613,True,False,False,0.0,False,0.0,False,False,FUNDAMENTAL FAIL
2022-11-30,True,FANG,64,,14,20.449263095921953,12.63820717214279,0.5319754851624836,48.17760663046058,True,,False,0.0,False,0.0,False,False,FUNDAMENTAL UNRESOLVED
2022-11-30,True,HAL,23,,10,31.963163695896018,26.266262312284905,-8.10622615257226,77.72945492797541,True,,False,0.0,False,0.0,False,False,FUNDAMENTAL UNRESOLVED
2022-11-30,True,KMI,139,,16,12.011163739820848,5.999568957877188,-1.5024749902170176,31.536397251802374,True,False,False,0.0,False,0.0,False,False,FUNDAMENTAL FAIL
2022-11-30,True,MPC,1,,1,48.55974534120657,21.658868529364582,18.666981393551918,105.35338610070322,True,,False,0.0,False,0.0,False,False,FUNDAMENTAL UNRESOLVED
2022-11-30,True,OKE,147,,18,11.070413417857306,11.015498314488003,3.274008401657924,18.92173353742599,True,,False,0.0,False,0.0,False,False,FUNDAMENTAL UNRESOLVED
2022-11-30,True,OXY,4,,2,44.34985832807691,-1.9328370271585738,-0.9279205761951292,135.91033258758443,True,,False,0.0,False,0.0,False,False,FUNDAMENTAL UNRESOLVED
2022-11-30,True,PSX,25,,11,30.930272603616498,22.30812630381209,7.189207834126021,63.293483672911385,True,False,False,0.0,False,0.0,False,False,FUNDAMENTAL FAIL
2022-11-30,True,SLB,5,,3,42.85382304827859,35.75744510039145,10.95001507862252,81.8540089658218,True,,False,0.0,False,0.0,False,False,FUNDAMENTAL UNRESOLVED
2022-11-30,True,TRGP,75,,15,18.95422338147592,9.596474225460504,0.12825099328968026,47.13794492567758,True,False,False,0.0,False,0.0,False,False,FUNDAMENTAL FAIL
2022-11-30,True,VLO,7,,5,41.40671791645672,14.913064352833949,2.459131123512792,106.84795827302342,True,,False,0.0,False,0.0,False,False,FUNDAMENTAL UNRESOLVED
2022-11-30,True,WMB,143,,17,11.668566232522796,3.3231307944193933,-4.9405950886043275,36.62316299175332,True,False,False,0.0,False,0.0,False,False,FUNDAMENTAL FAIL
2022-11-30,True,XOM,6,,4,42.19824136224992,17.411555761512677,15.794702716458309,93.38846560877876,True,,False,0.0,False,0.0,False,False,FUNDAMENTAL UNRESOLVED
2022-12-30,False,APA,5,,3,48.70318656189469,37.353434571650965,33.34504362770758,75.41108148632551,True,,False,0.0,False,0.0,False,False,BEAR GATE: liquidate/block equity
2022-12-30,False,BKR,43,10,14,23.739776838422713,41.80698144738797,2.932906360004073,26.4794427078761,True,True,False,0.0,False,0.0,False,False,BEAR GATE: liquidate/block equity
2022-12-30,False,COP,10,,7,40.49623066458605,16.436163895774534,33.36092208544272,71.6916060125409,True,False,False,0.0,False,0.0,False,False,BEAR GATE: liquidate/block equity
2022-12-30,False,CVX,14,,9,36.27572021606831,25.895820438463947,24.55783491088226,58.37350529885872,True,False,False,0.0,False,0.0,False,False,BEAR GATE: liquidate/block equity
2022-12-30,False,DVN,39,,13,24.571714613296805,4.611330837696204,16.722797562961954,52.38101543923226,False,False,False,0.0,False,0.0,False,False,BEAR GATE: liquidate/block equity
2022-12-30,False,EOG,22,,11,31.59865511416658,18.032786152726654,20.49014710328665,56.27303208648644,True,,False,0.0,False,0.0,False,False,BEAR GATE: liquidate/block equity
2022-12-30,False,EQT,111,,19,12.888078722336335,-16.69818682532519,-0.5875173001523959,55.94994029248659,False,False,False,0.0,False,0.0,False,False,BEAR GATE: liquidate/block equity
2022-12-30,False,FANG,48,,16,22.84201660233746,15.162222316343478,17.178256207444708,36.18557128322419,True,,False,0.0,False,0.0,False,False,BEAR GATE: liquidate/block equity
2022-12-30,False,HAL,3,,2,53.95731583626658,60.376600129400536,26.13817023048284,75.35717714891636,True,,False,0.0,False,0.0,False,False,BEAR GATE: liquidate/block equity
2022-12-30,False,KMI,104,,18,13.957978899385548,10.35366788182499,9.81514620203534,21.705122614296315,True,False,False,0.0,False,0.0,False,False,BEAR GATE: liquidate/block equity
2022-12-30,False,MPC,6,,4,48.535905477374314,17.90741440338719,39.46526750847299,88.23503452026276,True,,False,0.0,False,0.0,False,False,BEAR GATE: liquidate/block equity
2022-12-30,False,OKE,47,,15,23.048747873774232,30.241132087271062,19.43620582382055,19.468905710231077,True,,False,0.0,False,0.0,False,False,BEAR GATE: liquidate/block equity
2022-12-30,False,OXY,8,,6,42.20215954590008,2.7189760872427637,4.642423782481653,119.24507876797583,False,,False,0.0,False,0.0,False,False,BEAR GATE: liquidate/block equity
2022-12-30,False,PSX,15,,10,35.1832354478059,30.101054058770103,25.81612215312592,49.63253013152167,True,False,False,0.0,False,0.0,False,False,BEAR GATE: liquidate/block equity
2022-12-30,False,SLB,2,,1,60.87013994286298,49.425823448917264,51.178532282027774,82.0060640976439,True,,False,0.0,False,0.0,False,False,BEAR GATE: liquidate/block equity
2022-12-30,False,TRGP,25,,12,29.9794269175792,22.44454804868368,21.749165505421963,45.744567198631955,True,False,False,0.0,False,0.0,False,False,BEAR GATE: liquidate/block equity
2022-12-30,False,VLO,13,,8,38.65773421742004,19.58569096188647,19.409899184416645,76.97761250595701,True,,False,0.0,False,0.0,False,False,BEAR GATE: liquidate/block equity
2022-12-30,False,WMB,65,,17,19.290700703016007,16.39844004306539,7.917760885651148,33.555901180331496,True,False,False,0.0,False,0.0,False,False,BEAR GATE: liquidate/block equity
2022-12-30,False,XOM,7,,5,48.04309090348753,27.345508924778137,28.195646263597475,88.58811752208697,True,,False,0.0,False,0.0,False,False,BEAR GATE: liquidate/block equity
